
{
  "header": {
    "reportVersion": 2,
    "event": "Allocation failed - JavaScript heap out of memory",
    "trigger": "FatalError",
    "filename": "report.20200519.184937.12938.0.001.json",
    "dumpEventTime": "2020-05-19T18:49:38Z",
    "dumpEventTimeStamp": "1589894378038",
    "processId": 12938,
    "threadId": null,
    "cwd": "/home/kamlesh/Documents/mrfr/output-frontend/ang-mat-mfr",
    "commandLine": [
      "node",
      "/usr/local/bin/ng",
      "build",
      "--prod"
    ],
    "nodejsVersion": "v12.16.2",
    "glibcVersionRuntime": "2.27",
    "glibcVersionCompiler": "2.17",
    "wordSize": 64,
    "arch": "x64",
    "platform": "linux",
    "componentVersions": {
      "node": "12.16.2",
      "v8": "7.8.279.23-node.34",
      "uv": "1.34.2",
      "zlib": "1.2.11",
      "brotli": "1.0.7",
      "ares": "1.15.0",
      "modules": "72",
      "nghttp2": "1.40.0",
      "napi": "5",
      "llhttp": "2.0.4",
      "http_parser": "2.9.3",
      "openssl": "1.1.1e",
      "cldr": "36.0",
      "icu": "65.1",
      "tz": "2019c",
      "unicode": "12.1"
    },
    "release": {
      "name": "node",
      "lts": "Erbium",
      "headersUrl": "https://nodejs.org/download/release/v12.16.2/node-v12.16.2-headers.tar.gz",
      "sourceUrl": "https://nodejs.org/download/release/v12.16.2/node-v12.16.2.tar.gz"
    },
    "osName": "Linux",
    "osRelease": "4.15.0-29-generic",
    "osVersion": "#31-Ubuntu SMP Tue Jul 17 15:39:52 UTC 2018",
    "osMachine": "x86_64",
    "cpus": [
      {
        "model": "Intel(R) Core(TM) i5-5300U CPU @ 2.30GHz",
        "speed": 2694,
        "user": 53702600,
        "nice": 572700,
        "sys": 11728500,
        "idle": 199307700,
        "irq": 0
      },
      {
        "model": "Intel(R) Core(TM) i5-5300U CPU @ 2.30GHz",
        "speed": 2694,
        "user": 50933500,
        "nice": 1038200,
        "sys": 10511500,
        "idle": 162797100,
        "irq": 0
      },
      {
        "model": "Intel(R) Core(TM) i5-5300U CPU @ 2.30GHz",
        "speed": 2694,
        "user": 54386500,
        "nice": 1269300,
        "sys": 11703100,
        "idle": 157363500,
        "irq": 0
      },
      {
        "model": "Intel(R) Core(TM) i5-5300U CPU @ 2.30GHz",
        "speed": 2694,
        "user": 51511200,
        "nice": 291800,
        "sys": 11820100,
        "idle": 160941600,
        "irq": 0
      }
    ],
    "networkInterfaces": [
      {
        "name": "lo",
        "internal": true,
        "mac": "00:00:00:00:00:00",
        "address": "127.0.0.1",
        "netmask": "255.0.0.0",
        "family": "IPv4"
      },
      {
        "name": "wlp3s0",
        "internal": false,
        "mac": "48:45:20:10:a8:ce",
        "address": "192.168.43.237",
        "netmask": "255.255.255.0",
        "family": "IPv4"
      },
      {
        "name": "lo",
        "internal": true,
        "mac": "00:00:00:00:00:00",
        "address": "::1",
        "netmask": "ffff:ffff:ffff:ffff:ffff:ffff:ffff:ffff",
        "family": "IPv6",
        "scopeid": 0
      },
      {
        "name": "wlp3s0",
        "internal": false,
        "mac": "48:45:20:10:a8:ce",
        "address": "2409:4042:2587:26a4:2db7:57de:e50a:b77b",
        "netmask": "ffff:ffff:ffff:ffff::",
        "family": "IPv6",
        "scopeid": 0
      },
      {
        "name": "wlp3s0",
        "internal": false,
        "mac": "48:45:20:10:a8:ce",
        "address": "2409:4042:2587:26a4:a8be:1c07:5d9a:18b",
        "netmask": "ffff:ffff:ffff:ffff::",
        "family": "IPv6",
        "scopeid": 0
      },
      {
        "name": "wlp3s0",
        "internal": false,
        "mac": "48:45:20:10:a8:ce",
        "address": "fe80::680c:6b16:2eba:1515",
        "netmask": "ffff:ffff:ffff:ffff::",
        "family": "IPv6",
        "scopeid": 3
      }
    ],
    "host": "kamlesh-ThinkPad-X250"
  },
  "javascriptStack": {
    "message": "No stack.",
    "stack": [
      "Unavailable."
    ]
  },
  "nativeStack": [
    {
      "pc": "0x0000000000b40285",
      "symbol": "report::TriggerNodeReport(v8::Isolate*, node::Environment*, char const*, char const*, std::string const&, v8::Local<v8::String>) [ng build --prod]"
    },
    {
      "pc": "0x0000000000a033ef",
      "symbol": "node::OnFatalError(char const*, char const*) [ng build --prod]"
    },
    {
      "pc": "0x0000000000b76ffe",
      "symbol": "v8::Utils::ReportOOMFailure(v8::internal::Isolate*, char const*, bool) [ng build --prod]"
    },
    {
      "pc": "0x0000000000b77379",
      "symbol": "v8::internal::V8::FatalProcessOutOfMemory(v8::internal::Isolate*, char const*, bool) [ng build --prod]"
    },
    {
      "pc": "0x0000000000d23ad5",
      "symbol": " [ng build --prod]"
    },
    {
      "pc": "0x0000000000d24166",
      "symbol": "v8::internal::Heap::RecomputeLimits(v8::internal::GarbageCollector) [ng build --prod]"
    },
    {
      "pc": "0x0000000000d309e5",
      "symbol": "v8::internal::Heap::PerformGarbageCollection(v8::internal::GarbageCollector, v8::GCCallbackFlags) [ng build --prod]"
    },
    {
      "pc": "0x0000000000d31895",
      "symbol": "v8::internal::Heap::CollectGarbage(v8::internal::AllocationSpace, v8::internal::GarbageCollectionReason, v8::GCCallbackFlags) [ng build --prod]"
    },
    {
      "pc": "0x0000000000d3434c",
      "symbol": "v8::internal::Heap::AllocateRawWithRetryOrFail(int, v8::internal::AllocationType, v8::internal::AllocationOrigin, v8::internal::AllocationAlignment) [ng build --prod]"
    },
    {
      "pc": "0x0000000000cfaf1b",
      "symbol": "v8::internal::Factory::NewFillerObject(int, bool, v8::internal::AllocationType, v8::internal::AllocationOrigin) [ng build --prod]"
    },
    {
      "pc": "0x000000000103d85e",
      "symbol": "v8::internal::Runtime_AllocateInYoungGeneration(int, unsigned long*, v8::internal::Isolate*) [ng build --prod]"
    },
    {
      "pc": "0x00000000013c03d9",
      "symbol": " [ng build --prod]"
    }
  ],
  "javascriptHeap": {
    "totalMemory": 2163892224,
    "totalCommittedMemory": 2160859304,
    "usedMemory": 2133511416,
    "availableMemory": 37553504,
    "memoryLimit": 2197815296,
    "heapSpaces": {
      "read_only_space": {
        "memorySize": 262144,
        "committedMemory": 33088,
        "capacity": 32808,
        "used": 32808,
        "available": 0
      },
      "new_space": {
        "memorySize": 4194304,
        "committedMemory": 1725112,
        "capacity": 2094912,
        "used": 715416,
        "available": 1379496
      },
      "old_space": {
        "memorySize": 1889673216,
        "committedMemory": 1889481912,
        "capacity": 1883190720,
        "used": 1883034696,
        "available": 156024
      },
      "code_space": {
        "memorySize": 5672960,
        "committedMemory": 5532576,
        "capacity": 4889376,
        "used": 4889376,
        "available": 0
      },
      "map_space": {
        "memorySize": 31985664,
        "committedMemory": 31982680,
        "capacity": 13225760,
        "used": 13225760,
        "available": 0
      },
      "large_object_space": {
        "memorySize": 231481344,
        "committedMemory": 231481344,
        "capacity": 231068816,
        "used": 231068816,
        "available": 0
      },
      "code_large_object_space": {
        "memorySize": 622592,
        "committedMemory": 622592,
        "capacity": 544544,
        "used": 544544,
        "available": 0
      },
      "new_large_object_space": {
        "memorySize": 0,
        "committedMemory": 0,
        "capacity": 2094912,
        "used": 0,
        "available": 2094912
      }
    }
  },
  "resourceUsage": {
    "userCpuSeconds": 270.703,
    "kernelCpuSeconds": 5.66357,
    "cpuConsumptionPercent": 143.941,
    "maxRss": 2473426944,
    "pageFaults": {
      "IORequired": 11,
      "IONotRequired": 1083711
    },
    "fsActivity": {
      "reads": 118288,
      "writes": 0
    }
  },
  "uvthreadResourceUsage": {
    "userCpuSeconds": 156.646,
    "kernelCpuSeconds": 3.00511,
    "cpuConsumptionPercent": 83.1516,
    "fsActivity": {
      "reads": 113208,
      "writes": 0
    }
  },
  "libuv": [
  ],
  "workers": [
  ],
  "environmentVariables": {
    "LS_COLORS": "rs=0:di=01;34:ln=01;36:mh=00:pi=40;33:so=01;35:do=01;35:bd=40;33;01:cd=40;33;01:or=40;31;01:mi=00:su=37;41:sg=30;43:ca=30;41:tw=30;42:ow=34;42:st=37;44:ex=01;32:*.tar=01;31:*.tgz=01;31:*.arc=01;31:*.arj=01;31:*.taz=01;31:*.lha=01;31:*.lz4=01;31:*.lzh=01;31:*.lzma=01;31:*.tlz=01;31:*.txz=01;31:*.tzo=01;31:*.t7z=01;31:*.zip=01;31:*.z=01;31:*.Z=01;31:*.dz=01;31:*.gz=01;31:*.lrz=01;31:*.lz=01;31:*.lzo=01;31:*.xz=01;31:*.zst=01;31:*.tzst=01;31:*.bz2=01;31:*.bz=01;31:*.tbz=01;31:*.tbz2=01;31:*.tz=01;31:*.deb=01;31:*.rpm=01;31:*.jar=01;31:*.war=01;31:*.ear=01;31:*.sar=01;31:*.rar=01;31:*.alz=01;31:*.ace=01;31:*.zoo=01;31:*.cpio=01;31:*.7z=01;31:*.rz=01;31:*.cab=01;31:*.wim=01;31:*.swm=01;31:*.dwm=01;31:*.esd=01;31:*.jpg=01;35:*.jpeg=01;35:*.mjpg=01;35:*.mjpeg=01;35:*.gif=01;35:*.bmp=01;35:*.pbm=01;35:*.pgm=01;35:*.ppm=01;35:*.tga=01;35:*.xbm=01;35:*.xpm=01;35:*.tif=01;35:*.tiff=01;35:*.png=01;35:*.svg=01;35:*.svgz=01;35:*.mng=01;35:*.pcx=01;35:*.mov=01;35:*.mpg=01;35:*.mpeg=01;35:*.m2v=01;35:*.mkv=01;35:*.webm=01;35:*.ogm=01;35:*.mp4=01;35:*.m4v=01;35:*.mp4v=01;35:*.vob=01;35:*.qt=01;35:*.nuv=01;35:*.wmv=01;35:*.asf=01;35:*.rm=01;35:*.rmvb=01;35:*.flc=01;35:*.avi=01;35:*.fli=01;35:*.flv=01;35:*.gl=01;35:*.dl=01;35:*.xcf=01;35:*.xwd=01;35:*.yuv=01;35:*.cgm=01;35:*.emf=01;35:*.ogv=01;35:*.ogx=01;35:*.aac=00;36:*.au=00;36:*.flac=00;36:*.m4a=00;36:*.mid=00;36:*.midi=00;36:*.mka=00;36:*.mp3=00;36:*.mpc=00;36:*.ogg=00;36:*.ra=00;36:*.wav=00;36:*.oga=00;36:*.opus=00;36:*.spx=00;36:*.xspf=00;36:",
    "LANG": "en_IN",
    "DISPLAY": ":0",
    "COLORTERM": "truecolor",
    "HOME": "/home/kamlesh",
    "TERM": "xterm-256color",
    "LANGUAGE": "en_IN:en",
    "XAUTHORITY": "/run/user/1000/gdm/Xauthority",
    "PATH": "/usr/local/sbin:/usr/local/bin:/usr/sbin:/usr/bin:/sbin:/bin:/snap/bin",
    "MAIL": "/var/mail/root",
    "LOGNAME": "root",
    "USER": "root",
    "USERNAME": "root",
    "SHELL": "/bin/bash",
    "SUDO_COMMAND": "/usr/local/bin/ng build --prod",
    "SUDO_USER": "kamlesh",
    "SUDO_UID": "1000",
    "SUDO_GID": "1000",
    "BROWSERSLIST_IGNORE_OLD_DATA": "1"
  },
  "userLimits": {
    "core_file_size_blocks": {
      "soft": 0,
      "hard": "unlimited"
    },
    "data_seg_size_kbytes": {
      "soft": "unlimited",
      "hard": "unlimited"
    },
    "file_size_blocks": {
      "soft": "unlimited",
      "hard": "unlimited"
    },
    "max_locked_memory_bytes": {
      "soft": 16777216,
      "hard": 16777216
    },
    "max_memory_size_kbytes": {
      "soft": "unlimited",
      "hard": "unlimited"
    },
    "open_files": {
      "soft": 4096,
      "hard": 4096
    },
    "stack_size_bytes": {
      "soft": 8388608,
      "hard": "unlimited"
    },
    "cpu_time_seconds": {
      "soft": "unlimited",
      "hard": "unlimited"
    },
    "max_user_processes": {
      "soft": 30886,
      "hard": 30886
    },
    "virtual_memory_kbytes": {
      "soft": "unlimited",
      "hard": "unlimited"
    }
  },
  "sharedObjects": [
    "linux-vdso.so.1",
    "/lib/x86_64-linux-gnu/libdl.so.2",
    "/usr/lib/x86_64-linux-gnu/libstdc++.so.6",
    "/lib/x86_64-linux-gnu/libm.so.6",
    "/lib/x86_64-linux-gnu/libgcc_s.so.1",
    "/lib/x86_64-linux-gnu/libpthread.so.0",
    "/lib/x86_64-linux-gnu/libc.so.6",
    "/lib64/ld-linux-x86-64.so.2",
    "/home/kamlesh/Documents/mrfr/output-frontend/ang-mat-mfr/node_modules/node-sass/vendor/linux-x64-72/binding.node"
  ]
}