[
	{
		"NEW TIME":"558-88-288"
	},
	{
		"NEW STAR DAY":"890-76-259"
	},
	{
		"NAVARATAN":"590-41-128"
	},
	{
		"INDIAN DAY":"350-84-130"
	},
	{
		"SRIDEVI":"356-49-126"
	},
	{
		"GOLDAN BAZAR":"457-62-228"
	},
	{
		"JANTA MORNING":"380-15-230"
	},
	{
		"SHREE MORNING":"269-71-137"
	},
	{
		"K DADAR":"224-85-177"
	},
	{
		"TARANG":"159-51-470"
	},
	{
		"TIME BAZAR":"247-31-128"
	},
	{
		"SHUBHDAY":"279-89-180"
	},
	{
		"MANIPUR":"268-68-224"
	},
	{
		"SAMAY DAY":"567-81-119"
	},
	{
		"CENTRAL BOMBAY":"560-13-157"
	},
	{
		"DHANLAXMI DAY":"138-25-249"
	},
	{
		"KHATRI BAZAR":"770-47-368"
	},
	{
		"TIME BAZAR DAY":"270-9"
	},
	{
		"KALYAN U DAY":"368-70-127"
	},
	{
		"MILAN DAY":"170-83-256"
	},
	{
		"RAJDHANI DAY":"240-64-158"
	},
	{
		"SUPREME DAY":"678-19-270"
	},
	{
		"KALYAN":"799-51-489"
	},
	{
		"SRIDEVI NIGHT":"230-56-268"
	},
	{
		"NAVARATAN NIGHT":"569-07-124"
	},
	{
		"INDIAN NIGHT":"125-8"
	},
	{
		"NEW STAR NIGHT":"256-30-569"
	},
	{
		"TARANG NIGHT":"788-30-479"
	},
	{
		"TIME BAZAR NIGHT (MAIN)":"450-92-336"
	},
	{
		"SUPREME NIGHT":"124-75-357"
	},
	{
		"DHANLAXMI NIGHT":"149-48-260"
	},
	{
		"NIGHT TIME BAZAR":"590-44-239"
	},
	{
		"SAMAY NIGHT":"339-50-145"
	},
	{
		"MAIN U MUMBAI":"680-41-128"
	},
	{
		"MILAN NIGHT":"800-81-579"
	},
	{
		"RAJDHANI NIGHT":"134-80-235"
	},
	{
		"MAIN BAZAR":"780-56-457"
	},
	{
		"WORLI MUMBAI":"258-57-133"
	},
	{
		"MANIPUR NIGHT":"239-41-236"
	},
	{
		"KALYAN NIGHT":"288-88-125"
	},
	{
		"RAJASTHAN NIGHT":"268-63-599"
	}
]