
{
  "navbar":{
    "menu": [
      {
        "path":"/Dashboard",
        "title":"Dashboard"
      },
      {
        "path":"/Question",
        "title":"Question"
      },
      {
        "path":"/Prerequisits",
        "title":"Prerequisits"
      },
      {
        "path":"/Dosndonts",
        "title":"Do's & Dont's"
      },
      {
        "path":"/Termsncondition",
        "title":"Terms & Conditions"
      },
      {
        "path":"/Time-management",
        "title":"Time Management"
      },
      {
        "path":"/Matching",
        "title":"Matching Matrix"
      }
    ]
  },

  "dashboard":{
    "heading":"Dashboard",
    "text1":"Questions",
    "text2":"Prerequisits",
    "text3":"Do's & Don'ts",
    "text4":"Terms & Condition",
    "text5":"Time Management",
    "text6":"Matching Matrix"
  },

  "question":{
    "title":"Create Question",
    "edit":"Edit Question",
    "search":"Search Question",
    "filter":"Filter",
    "back":"Back",
    "label1":"Deed Category",
    "option1":"Select Deed Category",
    "label2":"Deed Type",
    "option2":"Select Deed Type",
    "label3":"Instrument",
    "option3":"Select Instrument",
    "label4":"Party Role",
    "option4":"Select Party Role",
    "label5":"Video KYC Type",
    "questionEnglish":"Question in English",
    "questionHindi":"Question in Hindi",
    "Submit":"Submit",
    "Reset":"Reset",
    "Search":"Search",

    "questionList":"Question List",
    "searchList":"Search List",
    "sno":"S.No.",
    "InstrumentName":"Instrument Name",
    "Role":"Party Role",
    "VKYCType":"VKYC Type",
    "Questions":"Questions",
    "Action":"Action"
  },

  "content":{
    "title1":"Create Prerequisites",
    "title2":"Create Do's & Don'ts",
    "title3":"Create Terms & Conditions",
    "list1":"Prerequisites List",
    "list2":"Do's & Don'ts List",
    "list3":"Terms & Conditions List",
    "label1":"Select Video KYC Type",
    "option1":"Assisted",
    "option2":"Non Assisted",
    "label2":"Prerequisites in English",
    "label3":"Prerequisites in Hindi",
    "label4":"Do's & Don'ts in English",
    "label5":"Do's & Don'ts in Hindi",
    "label6":"Terms & Conditions in English",
    "label7":"Terms & Conditions in Hindi",
    "Submit":"Submit",
    "Reset":"Reset",

    "sno":"S.No.",
    "content":"Content",
    "VKYCType":"VKYC Type",
    "InstructionsEnglish" : "Instructions",
    "date":"Created Date",
    "Actions":"Actions"
  },

  "time":{
    "title":"Create Time Configuration",
    "list":"Time Configuration List",
    "label1":"Select Video KYC Time Configuration",
    "option1":"Select Video KYC Time Management",
    "options":[
      "Non Assisted Timing",
      "Capture Images",
      "Liveness Detection",
      "Question Presentation",
      "Capture Document Images"
    ],
    "values":[
      "non_assisted_timing",
      "capture_images",
      "liveness_detection",
      "question_presentation",
      "capture_document_images"
    ],
    "Minutes":"Minutes",
    "Seconds":"Seconds",
    "Submit":"Submit",
    "Reset":"Reset",
    "Update":"Update",

    "sno":"S.No.",
    "content":"Content",
    "time":"Time",
    "action":"Action",
    "min":"Min",
    "sec":"Sec"
  },

  "match":{
    "title":"Create Matching Percentage",
    "list":"Matching Percentage List",
    "label1":"Select Video KYC Matching",
    "option1":"Select Video KYC Matching",
    "options":[
      "Name Matching Matrix Percentage",
      "Face Matching Matrix Percentage"
    ],
    "values":[
      "face_match",
      "name_match"
    ],
    "Percentage":"Percentage",
    "Submit":"Submit",
    "Reset":"Reset",
    "Update":"Update",

    "sno":"S.No.",
    "content":"Content",
    "percentage":"Percentage",
    "action":"Action"
  },

  "footer":{
    "text1":"Copyright",
    "text2":"2023 IGRS. All rights reserved.",
    "text3":"Design and Developed by Center of Excellence(CoE), MPSeDC"
  }

}
