{
  "navbar":{
    "menu": [
      {
        "path":"/Dashboard",
        "title":"डैशबोर्ड"
      },
      {
        "path":"/Question",
        "title":"प्रशन"
      },
      {
        "path":"Content/prerequisits",
        "title":"आवश्यक शर्तें"
      },
      {
        "path":"Content/dos&donts",
        "title":"करना नहीं करना"
      },
      {
        "path":"Content/terms&condition",
        "title":"नियम एवं शर्तें"
      },
      {
        "path":"/Time-management",
        "title":"समय प्रबंधन"
      },
      {
        "path":"/Matching",
        "title":"मैच मैट्रिक्स"
      }
    ]
  },
  "dashboard":{
    "heading":"डैशबोर्ड",
    "text1":"प्रशन",
    "text2":"आवश्यक शर्तें",
    "text3":"करना नहीं करना",
    "text4":"नियम एवं शर्तें",
    "text5":"समय प्रबंधन",
    "text6":"मैच मैट्रिक्स"
  },

  "question":{
    "title":"प्रश्न बनाएँ",
    "edit":"प्रश्न संपादित करें",
    "search":"प्रश्न खोज",
    "filter":"फ़िल्टर",
    "back":"पीछे",
    "label1":"विलेख श्रेणी",
    "option1":"विलेख श्रेणी का चयन करे",
    "label2":"विलेख प्रकार",
    "option2":"विलेख प्रकार का चयन करे",
    "label3":"उपकरण",
    "option3":"उपकरण का चयन करे",
    "label4":"दलों की भूमिका",
    "option4":"दलों की भूमिका का चयन करे",
    "label5":"वीकेवाईसी प्रकार",
    "questionEnglish":"अंग्रेजी में प्रशन",
    "questionHindi":"हिंदी में प्रशन",
    "Submit":" अंकुश मानना",
    "Reset":" पुनर्नियोजन",
    "Search":"खोज",

    "questionList":"प्रश्न सूची",
    "searchList":"खोज सूची",
    "sno":"क्र.सं.",
    "InstrumentName":"उपकरण का नाम",
    "Role":"दलों की भूमिका",
    "VKYCType":"वीकेवाईसी प्रकार",
    "Questions":"प्रशन",
    "Action":"कार्य"
  },

  "content":{
    "title1":"आवश्यक शर्तें बनाएँ",
    "title2":"करना नहीं करना बनाएँ",
    "title3":"नियम एवं शर्तें बनाएँ",
    "list1":"आवश्यक शर्तें सूची",
    "list2":"करना नहीं करना सूची",
    "list3":"नियम एवं शर्तें सूची",
    "label1":"वीडियो केवाईसी प्रकार चुनें",
    "option1":"सहायक ",
    "option2":"गैर सहायता",
    "label2":"अंग्रेजी में आवश्यक शर्तें",
    "label3":"हिंदी में आवश्यक शर्तें",
    "label4":"क्या करें और क्या न करें अंग्रेजी में",
    "label5":"क्या करें और क्या न करें हिंदी में",
    "label6":"नियम और शर्तें अंग्रेजी में",
    "label7":"नियम और शर्तें हिंदी में",
    "Submit":"अंकुश मानना",
    "Reset":"पुनर्नियोजन",

    "sno":"र.सं.",
    "content":"विषय",
    "VKYCType":"वीकेवाईसी प्रकार",
    "InstructionsEnglish" : "निर्देश",
    "date":"सृजित दिनांक",
    "Actions":"Actions"
  },

  "time":{
    "title":"समय विन्यास बनाएँ",
    "list":"समय विन्यास सूची",
    "label1":"वीडियो केवाईसी समय विन्यास का चयन करें",
    "option1":"वीडियो केवाईसी समय प्रबंधन चुनें",
    "options":[
      "असहायक समय",
      "चित्र कैप्चर",
      "लाइवनेस डिटेक्शन",
      "प्रश्न प्रस्तुति",
      "दस्तावेज़ छवियां कैप्चर"
    ],
    "Minutes":"मिनट",
    "Seconds":"सेकंड",
    "Submit":"अंकुश मानना",
    "Reset":"पुनर्नियोजन",
    "Update":"अद्यतन",

    "sno":"क्र.सं.",
    "content":"विषय",
    "time":"समय",
    "action":"कार्य",
    "min":"मिनट",
    "sec":"सेकंड"
  },

  "match":{
    "title":"मिलान प्रतिशत बनाएँ",
    "list":"मिलान प्रतिशत सूची",
    "label1":"वीडियो केवाईसी मिलान का चयन करें",
    "option1":"वीडियो केवाईसी मिलान का चयन करें",
    "options":[
      "नाम के लिए मिलान मैट्रिक्स प्रतिशत",
      "चेहरे के लिए मिलान मैट्रिक्स प्रतिशत"
    ],
    "Percentage":"प्रतिशत",
    "Submit":"अंकुश मानना",
    "Reset":"पुनर्नियोजन",
    "Update":"अद्यतन",

    "sno":"क्र.सं.",
    "content":"विषय",
    "percentage":"प्रतिशत",
    "action":"कार्य"
  },

  "footer":{
    "text1":"कॉपीराइट",
    "text2":"2023 आईजीआरएस। सर्वाधिकार सुरक्षित।",
    "text3":"सेंटर ऑफ एक्सीलेंस (सीओई), एमपीएसईडीसी द्वारा डिजाइन और विकसित।"
  }

}
