{"indexes":[{"v":{"$numberInt":"2"},"key":{"_id":{"$numberInt":"1"}},"name":"_id_"},{"v":{"$numberInt":"2"},"key":{"certification_id":{"$numberInt":"1"}},"name":"certification_id_1","background":true,"unique":true},{"v":{"$numberInt":"2"},"key":{"user_id":{"$numberInt":"1"}},"name":"user_id_1","background":true,"unique":true},{"v":{"$numberInt":"2"},"key":{"is_active":{"$numberInt":"1"}},"name":"is_active_1","background":true}],"uuid":"45a30e14d8ad40f19b8cd9e6fb2f6a95","collectionName":"certificates","type":"collection"}