{"indexes":[{"v":{"$numberInt":"2"},"key":{"_id":{"$numberInt":"1"}},"name":"_id_"},{"v":{"$numberInt":"2"},"key":{"title":{"$numberInt":"1"}},"name":"title_1","background":true},{"v":{"$numberInt":"2"},"key":{"is_active":{"$numberInt":"1"}},"name":"is_active_1","background":true},{"v":{"$numberInt":"2"},"key":{"skill":{"$numberInt":"1"}},"name":"skill_1","background":true},{"v":{"$numberInt":"2"},"key":{"duration":{"$numberInt":"1"}},"name":"duration_1","background":true}],"uuid":"40750aa925e0441ea72fe5b571291f9f","collectionName":"courses","type":"collection"}