{"indexes":[{"v":{"$numberInt":"2"},"key":{"_id":{"$numberInt":"1"}},"name":"_id_"},{"v":{"$numberInt":"2"},"key":{"name":{"$numberInt":"1"}},"name":"name_1","background":true},{"v":{"$numberInt":"2"},"key":{"is_active":{"$numberInt":"1"}},"name":"is_active_1","background":true},{"v":{"$numberInt":"2"},"key":{"Pname":{"$numberInt":"1"}},"name":"Pname_1","background":true},{"v":{"$numberInt":"2"},"key":{"pname":{"$numberInt":"1"}},"name":"pname_1","background":true},{"v":{"$numberInt":"2"},"key":{"pName":{"$numberInt":"1"}},"name":"pName_1","background":true}],"uuid":"696e0a34f7634b64b568919419c6bf71","collectionName":"projects","type":"collection"}