{"indexes":[{"v":{"$numberInt":"2"},"key":{"_id":{"$numberInt":"1"}},"name":"_id_"},{"v":{"$numberInt":"2"},"key":{"is_active":{"$numberInt":"1"}},"name":"is_active_1","background":true},{"v":{"$numberInt":"2"},"key":{"eventName":{"$numberInt":"1"},"betType":{"$numberInt":"1"},"userId":{"$numberInt":"1"},"is_active":{"$numberInt":"1"}},"name":"eventName_1_betType_1_userId_1_is_active_1","background":true}],"uuid":"104fdbdafe8745a5aaec2a2f8a221067","collectionName":"kalyanstarlines","type":"collection"}