{"indexes":[{"v":{"$numberInt":"2"},"key":{"_id":{"$numberInt":"1"}},"name":"_id_"},{"v":{"$numberInt":"2"},"key":{"is_active":{"$numberInt":"1"}},"name":"is_active_1","background":true},{"v":{"$numberInt":"2"},"key":{"payDate":{"$numberInt":"1"},"payTime":{"$numberInt":"1"},"amount":{"$numberInt":"1"}},"name":"payDate_1_payTime_1_amount_1","background":true},{"v":{"$numberInt":"2"},"key":{"payDate":{"$numberInt":"1"},"payTime":{"$numberInt":"1"},"payAmount":{"$numberInt":"1"}},"name":"payDate_1_payTime_1_payAmount_1","background":true}],"uuid":"5b9d6973c5144317bccb4e99aac58de6","collectionName":"payments","type":"collection"}