{"indexes":[{"v":{"$numberInt":"2"},"key":{"_id":{"$numberInt":"1"}},"name":"_id_"},{"v":{"$numberInt":"2"},"key":{"is_active":{"$numberInt":"1"}},"name":"is_active_1","background":true},{"v":{"$numberInt":"2"},"key":{"userId":{"$numberInt":"1"},"upiNumber":{"$numberInt":"1"},"withdrawalAmount":{"$numberInt":"1"},"is_active":{"$numberInt":"1"}},"name":"userId_1_upiNumber_1_withdrawalAmount_1_is_active_1","background":true}],"uuid":"3126f84f44754649976f870a26327730","collectionName":"withdrawals","type":"collection"}