{"indexes":[{"v":{"$numberInt":"2"},"key":{"_id":{"$numberInt":"1"}},"name":"_id_"},{"v":{"$numberInt":"2"},"key":{"eventId":{"$numberInt":"1"},"adminId":{"$numberInt":"1"},"slot":{"$numberInt":"1"},"is_active":{"$numberInt":"1"}},"name":"eventId_1_adminId_1_slot_1_is_active_1","background":true},{"v":{"$numberInt":"2"},"key":{"event_name":{"$numberInt":"1"},"openPatti":{"$numberInt":"1"},"openDigit":{"$numberInt":"1"},"closePatti":{"$numberInt":"1"},"closeDigit":{"$numberInt":"1"},"event_slot":{"$numberInt":"1"},"is_active":{"$numberInt":"1"}},"name":"event_name_1_openPatti_1_openDigit_1_closePatti_1_closeDigit_1_event_slot_1_is_active_1","background":true},{"v":{"$numberInt":"2"},"key":{"is_active":{"$numberInt":"1"}},"name":"is_active_1","background":true}],"uuid":"21953e6f0a59432c9ec014f053a30dbf","collectionName":"results","type":"collection"}