{"indexes":[{"v":{"$numberInt":"2"},"key":{"_id":{"$numberInt":"1"}},"name":"_id_"},{"v":{"$numberInt":"2"},"key":{"mobile":{"$numberInt":"1"}},"name":"mobile_1","background":true,"unique":true},{"v":{"$numberInt":"2"},"key":{"is_active":{"$numberInt":"1"}},"name":"is_active_1","background":true},{"v":{"$numberInt":"2"},"key":{"mobile":{"$numberInt":"1"},"username":{"$numberInt":"1"},"password":{"$numberInt":"1"}},"name":"mobile_1_username_1_password_1","background":true}],"uuid":"81e1e3ba1be641aab335e9549fce1a25","collectionName":"users","type":"collection"}