[
	{
		"NEW TIME":"268-64-400"
	},
	{
		"NEW STAR DAY":"690-52-390"
	},
	{
		"NAVARATAN":"560-15-889"
	},
	{
		"INDIAN DAY":"449-74-158"
	},
	{
		"SRIDEVI":"250-72-138"
	},
	{
		"SHREE MORNING":"249-50-280"
	},
	{
		"K DADAR":"340-73-490"
	},
	{
		"TARANG":"360-91-489"
	},
	{
		"TIME BAZAR":"226-01-100"
	},
	{
		"SATYAM DAY":"550-00-460"
	},
	{
		"MANIPUR":"244-09-270"
	},
	{
		"SAMAY DAY":"180-90-677"
	},
	{
		"DHANLAXMI DAY":"248-45-230"
	},
	{
		"KHATRI BAZAR":"570-21-146"
	},
	{
		"TIME BAZAR DAY":"789-48-189"
	},
	{
		"KALYAN U DAY":"235-07-179"
	},
	{
		"MILAN DAY":"578-03-300"
	},
	{
		"RAJDHANI DAY":"660-21-344"
	},
	{
		"NAGPUR DAY":"579-12-147"
	},
	{
		"SUPREME DAY":"148-35-140"
	},
	{
		"KALYAN":"589-24-130"
	},
	{
		"SRIDEVI NIGHT":"229-32-688"
	},
	{
		"NAVARATAN NIGHT":"800-87-278"
	},
	{
		"INDIAN NIGHT":"169-67-340"
	},
	{
		"NEW STAR NIGHT":"148-39-478"
	},
	{
		"TARANG NIGHT":"146-12-147"
	},
	{
		"TIME BAZAR NIGHT (MAIN)":"280-00-677"
	},
	{
		"SUPREME NIGHT":"489-17-566"
	},
	{
		"DHANLAXMI NIGHT":"377-72-129"
	},
	{
		"NIGHT TIME BAZAR":"790-66-114"
	},
	{
		"SAMAY NIGHT":"139-36-277"
	},
	{
		"MAIN U MUMBAI":"189-89-360"
	},
	{
		"MILAN NIGHT":"399-14-158"
	},
	{
		"RAJDHANI NIGHT":"488-03-120"
	},
	{
		"MAIN BAZAR":"146-17-458"
	},
	{
		"MANIPUR NIGHT":"457-6"
	},
	{
		"KALYAN NIGHT":"580-34-789"
	},
	{
		"RAJASTHAN NIGHT":"378-8"
	}
]